,Model Type,Num_Topics,Topics,Perplexity,Coherence
0,LDA,12,"(0, '0.010*""forest"" + 0.010*""begin"" + 0.009*""wind"" + 0.008*""America"" + 0.008*""land"" + 0.007*""american"" + 0.007*""man"" + 0.007*""century"" + 0.006*""New"" + 0.006*""new""')",-8.164027861483689,0.4984861301979803
1,LDA,12,"(1, '0.022*""law"" + 0.014*""state"" + 0.014*""crime"" + 0.013*""police"" + 0.010*""white"" + 0.010*""penalty"" + 0.009*""punishment"" + 0.009*""criminal"" + 0.009*""death"" + 0.008*""officer""')",-8.164027861483689,0.4984861301979803
2,LDA,12,"(2, '0.020*""change"" + 0.015*""culture"" + 0.013*""society"" + 0.011*""theory"" + 0.010*""group"" + 0.009*""resistance"" + 0.008*""different"" + 0.008*""view"" + 0.006*""idea"" + 0.006*""see""')",-8.164027861483689,0.4984861301979803
3,LDA,12,"(3, '0.041*""social"" + 0.027*""medium"" + 0.025*""use"" + 0.025*""student"" + 0.018*""school"" + 0.016*""information"" + 0.015*""technology"" + 0.014*""internet"" + 0.012*""communication"" + 0.012*""bully""')",-8.164027861483689,0.4984861301979803
4,LDA,12,"(4, '0.056*""water"" + 0.014*""use"" + 0.011*""solution"" + 0.010*""brand"" + 0.008*""test"" + 0.008*""body"" + 0.007*""add"" + 0.007*""result"" + 0.006*""animal"" + 0.006*""experiment""')",-8.164027861483689,0.4984861301979803
5,LDA,12,"(5, '0.028*""people"" + 0.018*""make"" + 0.017*""would"" + 0.014*""go"" + 0.014*""life"" + 0.013*""time"" + 0.012*""get"" + 0.012*""change"" + 0.012*""take"" + 0.011*""way""')",-8.164027861483689,0.4984861301979803
6,LDA,12,"(6, '0.041*""woman"" + 0.036*""child"" + 0.018*""work"" + 0.017*""family"" + 0.015*""education"" + 0.014*""marriage"" + 0.010*""job"" + 0.010*""sex"" + 0.009*""discrimination"" + 0.009*""man""')",-8.164027861483689,0.4984861301979803
7,LDA,12,"(7, '0.027*""religion"" + 0.025*""human"" + 0.019*""right"" + 0.018*""life"" + 0.016*""God"" + 0.012*""religious"" + 0.010*""believe"" + 0.010*""belief"" + 0.010*""death"" + 0.007*""moral""')",-8.164027861483689,0.4984861301979803
8,LDA,12,"(8, '0.029*""change"" + 0.013*""organization"" + 0.012*""company"" + 0.010*""employee"" + 0.009*""management"" + 0.008*""need"" + 0.008*""business"" + 0.007*""process"" + 0.007*""new"" + 0.007*""system""')",-8.164027861483689,0.4984861301979803
9,LDA,12,"(9, '0.019*""country"" + 0.014*""government"" + 0.013*""economic"" + 0.011*""people"" + 0.011*""change"" + 0.010*""state"" + 0.008*""political"" + 0.007*""power"" + 0.007*""world"" + 0.006*""economy""')",-8.164027861483689,0.4984861301979803
10,LDA,12,"(10, '0.019*""water"" + 0.018*""climate"" + 0.011*""increase"" + 0.011*""change"" + 0.010*""global"" + 0.010*""energy"" + 0.010*""use"" + 0.008*""area"" + 0.007*""temperature"" + 0.007*""environment""')",-8.164027861483689,0.4984861301979803
11,LDA,12,"(11, '0.040*""health"" + 0.015*""care"" + 0.015*""patient"" + 0.013*""disease"" + 0.013*""drug"" + 0.011*""use"" + 0.009*""may"" + 0.008*""stress"" + 0.008*""effect"" + 0.008*""marijuana""')",-8.164027861483689,0.4984861301979803
12,LDA,20,"(0, '0.037*""water"" + 0.030*""climate"" + 0.018*""energy"" + 0.013*""global"" + 0.011*""cause"" + 0.011*""area"" + 0.011*""temperature"" + 0.010*""environmental"" + 0.010*""gas"" + 0.010*""use""')",-8.209201501357315,0.5090187069691252
13,LDA,20,"(1, '0.013*""America"" + 0.013*""become"" + 0.011*""american"" + 0.011*""many"" + 0.011*""United"" + 0.010*""begin"" + 0.010*""new"" + 0.010*""century"" + 0.010*""year"" + 0.009*""States""')",-8.209201501357315,0.5090187069691252
14,LDA,20,"(2, '0.103*""change"" + 0.036*""organization"" + 0.028*""employee"" + 0.024*""management"" + 0.015*""system"" + 0.013*""organizational"" + 0.012*""manager"" + 0.012*""process"" + 0.009*""work"" + 0.009*""level""')",-8.209201501357315,0.5090187069691252
15,LDA,20,"(3, '0.018*""change"" + 0.017*""make"" + 0.017*""people"" + 0.016*""would"" + 0.016*""go"" + 0.015*""time"" + 0.014*""get"" + 0.012*""take"" + 0.012*""know"" + 0.012*""way""')",-8.209201501357315,0.5090187069691252
16,LDA,20,"(4, '0.066*""health"" + 0.027*""patient"" + 0.025*""care"" + 0.023*""disease"" + 0.014*""medical"" + 0.011*""stress"" + 0.011*""mental"" + 0.009*""illness"" + 0.009*""risk"" + 0.009*""nurse""')",-8.209201501357315,0.5090187069691252
17,LDA,20,"(5, '0.035*""company"" + 0.022*""business"" + 0.020*""product"" + 0.018*""market"" + 0.017*""country"" + 0.015*""economic"" + 0.014*""industry"" + 0.013*""customer"" + 0.012*""new"" + 0.011*""increase""')",-8.209201501357315,0.5090187069691252
18,LDA,20,"(6, '0.030*""food"" + 0.015*""land"" + 0.014*""animal"" + 0.010*""rain"" + 0.009*""farm"" + 0.008*""crop"" + 0.008*""tree"" + 0.006*""price"" + 0.006*""machine"" + 0.006*""agriculture""')",-8.209201501357315,0.5090187069691252
19,LDA,20,"(7, '0.030*""need"" + 0.015*""may"" + 0.014*""help"" + 0.013*""work"" + 0.013*""provide"" + 0.012*""make"" + 0.012*""program"" + 0.011*""must"" + 0.011*""individual"" + 0.010*""manage""')",-8.209201501357315,0.5090187069691252
20,LDA,20,"(8, '0.039*""culture"" + 0.021*""religion"" + 0.017*""different"" + 0.012*""leadership"" + 0.012*""investment"" + 0.012*""practice"" + 0.011*""influence"" + 0.010*""cultural"" + 0.009*""world"" + 0.009*""value""')",-8.209201501357315,0.5090187069691252
21,LDA,20,"(9, '0.098*""water"" + 0.030*""heat"" + 0.028*""drug"" + 0.027*""use"" + 0.020*""soil"" + 0.014*""marijuana"" + 0.014*""test"" + 0.013*""welfare"" + 0.012*""drink"" + 0.011*""dry""')",-8.209201501357315,0.5090187069691252
22,LDA,20,"(10, '0.087*""woman"" + 0.032*""man"" + 0.030*""right"" + 0.027*""marriage"" + 0.019*""sex"" + 0.013*""religion"" + 0.011*""religious"" + 0.011*""freedom"" + 0.010*""Islam"" + 0.010*""abortion""')",-8.209201501357315,0.5090187069691252
23,LDA,20,"(11, '0.031*""crime"" + 0.030*""police"" + 0.028*""death"" + 0.025*""punishment"" + 0.022*""penalty"" + 0.021*""criminal"" + 0.019*""officer"" + 0.015*""justice"" + 0.015*""capital"" + 0.012*""murder""')",-8.209201501357315,0.5090187069691252
24,LDA,20,"(12, '0.023*""high"" + 0.021*""increase"" + 0.018*""year"" + 0.017*""low"" + 0.017*""rate"" + 0.016*""job"" + 0.015*""people"" + 0.015*""work"" + 0.014*""family"" + 0.013*""number""')",-8.209201501357315,0.5090187069691252
25,LDA,20,"(13, '0.049*""social"" + 0.036*""use"" + 0.033*""medium"" + 0.027*""technology"" + 0.023*""information"" + 0.017*""communication"" + 0.016*""internet"" + 0.011*""site"" + 0.011*""marketing"" + 0.011*""user""')",-8.209201501357315,0.5090187069691252
26,LDA,20,"(14, '0.020*""white"" + 0.016*""al"" + 0.015*""black"" + 0.010*""senior"" + 0.009*""Group"" + 0.009*""storm"" + 0.009*""feedback"" + 0.008*""South"" + 0.008*""Canada"" + 0.007*""habitat""')",-8.209201501357315,0.5090187069691252
27,LDA,20,"(15, '0.030*""government"" + 0.022*""state"" + 0.018*""public"" + 0.015*""law"" + 0.014*""system"" + 0.012*""implement"" + 0.012*""would"" + 0.011*""leader"" + 0.011*""policy"" + 0.011*""issue""')",-8.209201501357315,0.5090187069691252
28,LDA,20,"(16, '0.038*""life"" + 0.033*""people"" + 0.021*""believe"" + 0.019*""human"" + 0.017*""would"" + 0.014*""person"" + 0.013*""God"" + 0.012*""make"" + 0.012*""many"" + 0.010*""may""')",-8.209201501357315,0.5090187069691252
29,LDA,20,"(17, '0.018*""use"" + 0.014*""study"" + 0.009*""research"" + 0.009*""process"" + 0.008*""human"" + 0.008*""result"" + 0.008*""resistance"" + 0.008*""model"" + 0.008*""may"" + 0.008*""theory""')",-8.209201501357315,0.5090187069691252
30,LDA,20,"(18, '0.034*""society"" + 0.024*""social"" + 0.020*""group"" + 0.010*""class"" + 0.010*""race"" + 0.008*""racism"" + 0.008*""capitalism"" + 0.008*""argue"" + 0.008*""discrimination"" + 0.008*""view""')",-8.209201501357315,0.5090187069691252
31,LDA,20,"(19, '0.079*""child"" + 0.063*""school"" + 0.048*""student"" + 0.027*""parent"" + 0.023*""bully"" + 0.022*""bullying"" + 0.017*""young"" + 0.017*""teacher"" + 0.014*""learn"" + 0.013*""adult""')",-8.209201501357315,0.5090187069691252
32,LDA,22,"(0, '0.070*""child"" + 0.054*""school"" + 0.041*""student"" + 0.023*""parent"" + 0.020*""young"" + 0.020*""bully"" + 0.020*""education"" + 0.019*""bullying"" + 0.017*""family"" + 0.016*""age""')",-8.21178295809254,0.5207631021271676
33,LDA,22,"(1, '0.043*""technology"" + 0.028*""use"" + 0.017*""survey"" + 0.016*""computer"" + 0.014*""phone"" + 0.013*""machine"" + 0.012*""intelligence"" + 0.012*""robot"" + 0.010*""game"" + 0.010*""datum""')",-8.21178295809254,0.5207631021271676
34,LDA,22,"(2, '0.058*""change"" + 0.012*""study"" + 0.011*""individual"" + 0.010*""use"" + 0.010*""may"" + 0.009*""process"" + 0.008*""research"" + 0.008*""theory"" + 0.008*""result"" + 0.007*""model""')",-8.21178295809254,0.5207631021271676
35,LDA,22,"(3, '0.025*""change"" + 0.025*""climate"" + 0.018*""country"" + 0.015*""global"" + 0.011*""energy"" + 0.011*""world"" + 0.011*""environmental"" + 0.011*""human"" + 0.010*""environment"" + 0.010*""development""')",-8.21178295809254,0.5207631021271676
36,LDA,22,"(4, '0.024*""story"" + 0.017*""show"" + 0.017*""man"" + 0.015*""character"" + 0.014*""book"" + 0.012*""write"" + 0.011*""’s"" + 0.010*""father"" + 0.010*""sun"" + 0.009*""film""')",-8.21178295809254,0.5207631021271676
37,LDA,22,"(5, '0.036*""company"" + 0.023*""business"" + 0.020*""product"" + 0.018*""market"" + 0.014*""new"" + 0.013*""customer"" + 0.012*""industry"" + 0.011*""cost"" + 0.009*""innovation"" + 0.008*""consumer""')",-8.21178295809254,0.5207631021271676
38,LDA,22,"(6, '0.023*""government"" + 0.020*""political"" + 0.015*""power"" + 0.015*""people"" + 0.013*""state"" + 0.013*""leader"" + 0.012*""system"" + 0.012*""economic"" + 0.009*""bank"" + 0.009*""class""')",-8.21178295809254,0.5207631021271676
39,LDA,22,"(7, '0.027*""United"" + 0.023*""States"" + 0.018*""american"" + 0.017*""America"" + 0.013*""Americans"" + 0.013*""state"" + 0.013*""year"" + 0.011*""New"" + 0.011*""country"" + 0.011*""many""')",-8.21178295809254,0.5207631021271676
40,LDA,22,"(8, '0.021*""employee"" + 0.020*""organization"" + 0.018*""work"" + 0.017*""need"" + 0.015*""management"" + 0.011*""system"" + 0.009*""provide"" + 0.009*""make"" + 0.009*""manager"" + 0.009*""must""')",-8.21178295809254,0.5207631021271676
41,LDA,22,"(9, '0.039*""tree"" + 0.021*""drink"" + 0.020*""summer"" + 0.017*""rainforest"" + 0.012*""mountain"" + 0.012*""coal"" + 0.011*""meaning"" + 0.011*""Tita"" + 0.010*""sport"" + 0.010*""degradation""')",-8.21178295809254,0.5207631021271676
42,LDA,22,"(10, '0.052*""health"" + 0.025*""care"" + 0.018*""drug"" + 0.018*""patient"" + 0.011*""disease"" + 0.010*""risk"" + 0.010*""individual"" + 0.009*""treatment"" + 0.009*""mental"" + 0.008*""medical""')",-8.21178295809254,0.5207631021271676
43,LDA,22,"(11, '0.072*""social"" + 0.045*""medium"" + 0.031*""information"" + 0.029*""use"" + 0.027*""communication"" + 0.022*""internet"" + 0.019*""brand"" + 0.017*""site"" + 0.014*""art"" + 0.013*""user""')",-8.21178295809254,0.5207631021271676
44,LDA,22,"(12, '0.020*""land"" + 0.017*""forest"" + 0.015*""white"" + 0.014*""river"" + 0.014*""dioxide"" + 0.010*""season"" + 0.009*""Water"" + 0.009*""rainfall"" + 0.008*""indian"" + 0.008*""solar""')",-8.21178295809254,0.5207631021271676
45,LDA,22,"(13, '0.037*""gas"" + 0.023*""warm"" + 0.021*""wind"" + 0.019*""rain"" + 0.019*""sea"" + 0.018*""ice"" + 0.015*""air"" + 0.011*""cold"" + 0.011*""light"" + 0.011*""dry""')",-8.21178295809254,0.5207631021271676
46,LDA,22,"(14, '0.034*""people"" + 0.022*""make"" + 0.020*""would"" + 0.017*""change"" + 0.016*""time"" + 0.015*""go"" + 0.014*""way"" + 0.014*""take"" + 0.014*""life"" + 0.013*""many""')",-8.21178295809254,0.5207631021271676
47,LDA,22,"(15, '0.074*""woman"" + 0.035*""man"" + 0.022*""marriage"" + 0.018*""society"" + 0.017*""gender"" + 0.016*""sex"" + 0.015*""discrimination"" + 0.013*""racism"" + 0.012*""male"" + 0.012*""race""')",-8.21178295809254,0.5207631021271676
48,LDA,22,"(16, '0.026*""culture"" + 0.019*""society"" + 0.018*""religion"" + 0.013*""group"" + 0.010*""new"" + 0.010*""value"" + 0.009*""create"" + 0.009*""cultural"" + 0.008*""world"" + 0.008*""different""')",-8.21178295809254,0.5207631021271676
49,LDA,22,"(17, '0.161*""water"" + 0.043*""use"" + 0.033*""plant"" + 0.017*""animal"" + 0.014*""food"" + 0.011*""chemical"" + 0.011*""energy"" + 0.010*""temperature"" + 0.010*""marijuana"" + 0.009*""produce""')",-8.21178295809254,0.5207631021271676
50,LDA,22,"(18, '0.055*""right"" + 0.024*""law"" + 0.021*""state"" + 0.019*""legal"" + 0.015*""issue"" + 0.013*""government"" + 0.012*""abortion"" + 0.009*""decision"" + 0.009*""physician"" + 0.009*""freedom""')",-8.21178295809254,0.5207631021271676
51,LDA,22,"(19, '0.041*""increase"" + 0.028*""high"" + 0.021*""rate"" + 0.021*""low"" + 0.021*""cause"" + 0.020*""temperature"" + 0.016*""effect"" + 0.016*""solution"" + 0.015*""result"" + 0.015*""year""')",-8.21178295809254,0.5207631021271676
52,LDA,22,"(20, '0.032*""law"" + 0.029*""crime"" + 0.028*""police"" + 0.021*""penalty"" + 0.020*""punishment"" + 0.020*""criminal"" + 0.018*""officer"" + 0.015*""justice"" + 0.014*""death"" + 0.013*""capital""')",-8.21178295809254,0.5207631021271676
53,LDA,22,"(21, '0.056*""human"" + 0.043*""life"" + 0.035*""death"" + 0.034*""God"" + 0.020*""believe"" + 0.017*""moral"" + 0.013*""ethical"" + 0.012*""ethic"" + 0.011*""belief"" + 0.011*""artificial""')",-8.21178295809254,0.5207631021271676
54,LDA,24,"(0, '0.052*""use"" + 0.023*""technology"" + 0.020*""research"" + 0.019*""study"" + 0.010*""result"" + 0.010*""datum"" + 0.009*""method"" + 0.009*""design"" + 0.008*""new"" + 0.008*""show""')",-8.218529958888459,0.47751316467469573
55,LDA,24,"(1, '0.025*""city"" + 0.016*""New"" + 0.015*""acid"" + 0.015*""gun"" + 0.014*""tourism"" + 0.012*""|"" + 0.010*""Warming"" + 0.010*""chinese"" + 0.010*""island"" + 0.010*""shop""')",-8.218529958888459,0.47751316467469573
56,LDA,24,"(2, '0.014*""time"" + 0.012*""make"" + 0.011*""come"" + 0.011*""place"" + 0.010*""begin"" + 0.010*""day"" + 0.009*""leave"" + 0.009*""take"" + 0.009*""forest"" + 0.008*""know""')",-8.218529958888459,0.47751316467469573
57,LDA,24,"(3, '0.030*""climate"" + 0.017*""energy"" + 0.016*""change"" + 0.013*""global"" + 0.011*""area"" + 0.011*""environmental"" + 0.010*""increase"" + 0.010*""environment"" + 0.010*""cause"" + 0.010*""gas""')",-8.218529958888459,0.47751316467469573
58,LDA,24,"(4, '0.020*""effect"" + 0.019*""may"" + 0.019*""cause"" + 0.018*""physical"" + 0.016*""body"" + 0.013*""stress"" + 0.012*""result"" + 0.010*""increase"" + 0.010*""affect"" + 0.010*""mental""')",-8.218529958888459,0.47751316467469573
59,LDA,24,"(5, '0.196*""water"" + 0.050*""temperature"" + 0.038*""food"" + 0.026*""heat"" + 0.020*""animal"" + 0.018*""solution"" + 0.011*""chemical"" + 0.010*""amount"" + 0.010*""dry"" + 0.009*""drinking""')",-8.218529958888459,0.47751316467469573
60,LDA,24,"(6, '0.079*""woman"" + 0.031*""man"" + 0.021*""society"" + 0.020*""gender"" + 0.018*""discrimination"" + 0.017*""race"" + 0.015*""racism"" + 0.014*""male"" + 0.014*""female"" + 0.011*""racial""')",-8.218529958888459,0.47751316467469573
61,LDA,24,"(7, '0.071*""religion"" + 0.042*""God"" + 0.035*""marriage"" + 0.033*""religious"" + 0.022*""life"" + 0.020*""sex"" + 0.019*""belief"" + 0.016*""church"" + 0.015*""believe"" + 0.014*""abortion""')",-8.218529958888459,0.47751316467469573
62,LDA,24,"(8, '0.043*""change"" + 0.017*""culture"" + 0.016*""group"" + 0.015*""social"" + 0.014*""theory"" + 0.014*""different"" + 0.013*""society"" + 0.013*""individual"" + 0.010*""value"" + 0.009*""influence""')",-8.218529958888459,0.47751316467469573
63,LDA,24,"(9, '0.038*""people"" + 0.020*""change"" + 0.018*""would"" + 0.018*""make"" + 0.017*""get"" + 0.016*""way"" + 0.016*""go"" + 0.015*""many"" + 0.014*""time"" + 0.013*""life""')",-8.218529958888459,0.47751316467469573
64,LDA,24,"(10, '0.061*""health"" + 0.044*""drug"" + 0.040*""patient"" + 0.029*""care"" + 0.024*""marijuana"" + 0.020*""use"" + 0.018*""treatment"" + 0.017*""medical"" + 0.014*""disease"" + 0.010*""doctor""')",-8.218529958888459,0.47751316467469573
65,LDA,24,"(11, '0.090*""employee"" + 0.062*""work"" + 0.039*""manager"" + 0.032*""job"" + 0.028*""resistance"" + 0.023*""worker"" + 0.023*""performance"" + 0.021*""company"" + 0.012*""intelligence"" + 0.011*""manage""')",-8.218529958888459,0.47751316467469573
66,LDA,24,"(12, '0.095*""social"" + 0.066*""medium"" + 0.039*""information"" + 0.033*""internet"" + 0.031*""communication"" + 0.023*""user"" + 0.019*""site"" + 0.017*""use"" + 0.015*""online"" + 0.010*""communicate""')",-8.218529958888459,0.47751316467469573
67,LDA,24,"(13, '0.034*""company"" + 0.023*""business"" + 0.023*""product"" + 0.021*""market"" + 0.017*""country"" + 0.015*""economic"" + 0.015*""customer"" + 0.013*""industry"" + 0.012*""increase"" + 0.012*""economy""')",-8.218529958888459,0.47751316467469573
68,LDA,24,"(14, '0.038*""human"" + 0.021*""right"" + 0.017*""would"" + 0.016*""life"" + 0.015*""make"" + 0.011*""question"" + 0.011*""decision"" + 0.010*""people"" + 0.010*""act"" + 0.010*""believe""')",-8.218529958888459,0.47751316467469573
69,LDA,24,"(15, '0.018*""staff"" + 0.012*""disaster"" + 0.007*""senior"" + 0.007*""top"" + 0.006*""modify"" + 0.006*""Group"" + 0.006*""follow"" + 0.006*""drive"" + 0.006*""train"" + 0.006*""test""')",-8.218529958888459,0.47751316467469573
70,LDA,24,"(16, '0.051*""change"" + 0.028*""organization"" + 0.018*""management"" + 0.016*""system"" + 0.015*""need"" + 0.014*""process"" + 0.010*""organizational"" + 0.008*""make"" + 0.008*""issue"" + 0.007*""environment""')",-8.218529958888459,0.47751316467469573
71,LDA,24,"(17, '0.013*""child"" + 0.012*""high"" + 0.012*""provide"" + 0.010*""education"" + 0.009*""leadership"" + 0.009*""year"" + 0.008*""family"" + 0.008*""need"" + 0.007*""work"" + 0.007*""low""')",-8.218529958888459,0.47751316467469573
72,LDA,24,"(18, '0.062*""India"" + 0.037*""survey"" + 0.028*""perception"" + 0.025*""indian"" + 0.021*""respondent"" + 0.019*""Vietnam"" + 0.015*""Germany"" + 0.014*""immigration"" + 0.011*""Muslims"" + 0.010*""Jesus""')",-8.218529958888459,0.47751316467469573
73,LDA,24,"(19, '0.019*""story"" + 0.017*""show"" + 0.016*""wind"" + 0.013*""man"" + 0.012*""art"" + 0.012*""character"" + 0.012*""book"" + 0.012*""write"" + 0.011*""’s"" + 0.009*""father""')",-8.218529958888459,0.47751316467469573
74,LDA,24,"(20, '0.038*""death"" + 0.021*""punishment"" + 0.020*""crime"" + 0.018*""penalty"" + 0.013*""capital"" + 0.013*""solar"" + 0.011*""criminal"" + 0.011*""fresh"" + 0.011*""murder"" + 0.011*""salt""')",-8.218529958888459,0.47751316467469573
75,LDA,24,"(21, '0.025*""country"" + 0.016*""government"" + 0.016*""political"" + 0.015*""people"" + 0.015*""power"" + 0.014*""state"" + 0.012*""century"" + 0.010*""world"" + 0.010*""Africa"" + 0.009*""become""')",-8.218529958888459,0.47751316467469573
76,LDA,24,"(22, '0.033*""law"" + 0.023*""United"" + 0.019*""States"" + 0.019*""government"" + 0.018*""state"" + 0.015*""police"" + 0.012*""public"" + 0.010*""right"" + 0.010*""officer"" + 0.010*""Act""')",-8.218529958888459,0.47751316467469573
77,LDA,24,"(23, '0.036*""movie"" + 0.023*""game"" + 0.022*""film"" + 0.019*""play"" + 0.019*""player"" + 0.017*""tube"" + 0.016*""television"" + 0.012*""attend"" + 0.012*""Brazil"" + 0.010*""ad""')",-8.218529958888459,0.47751316467469573
78,LDA,26,"(0, '0.033*""government"" + 0.022*""country"" + 0.019*""state"" + 0.015*""people"" + 0.014*""year"" + 0.013*""United"" + 0.011*""policy"" + 0.010*""political"" + 0.010*""States"" + 0.008*""India""')",-8.223148062157586,0.4780525343594743
79,LDA,26,"(1, '0.076*""child"" + 0.059*""school"" + 0.045*""student"" + 0.025*""parent"" + 0.022*""bully"" + 0.021*""family"" + 0.021*""bullying"" + 0.020*""young"" + 0.018*""education"" + 0.018*""age""')",-8.223148062157586,0.4780525343594743
80,LDA,26,"(2, '0.035*""crime"" + 0.030*""death"" + 0.028*""punishment"" + 0.026*""penalty"" + 0.024*""criminal"" + 0.020*""art"" + 0.019*""justice"" + 0.015*""victim"" + 0.014*""case"" + 0.014*""murder""')",-8.223148062157586,0.4780525343594743
81,LDA,26,"(3, '0.049*""marriage"" + 0.041*""sex"" + 0.026*""abortion"" + 0.022*""woman"" + 0.021*""child"" + 0.021*""couple"" + 0.019*""egg"" + 0.018*""mother"" + 0.014*""baby"" + 0.013*""bear""')",-8.223148062157586,0.4780525343594743
82,LDA,26,"(4, '0.019*""game"" + 0.018*""tropical"" + 0.018*""play"" + 0.017*""barrier"" + 0.016*""player"" + 0.013*""hour"" + 0.011*""shop"" + 0.010*""attend"" + 0.010*""Brazil"" + 0.010*""sport""')",-8.223148062157586,0.4780525343594743
83,LDA,26,"(5, '0.032*""fish"" + 0.023*""summer"" + 0.021*""CSR"" + 0.019*""bottled"" + 0.016*""°"" + 0.014*""biodiversity"" + 0.012*""polar"" + 0.012*""latitude"" + 0.011*""bird"" + 0.010*""unknown""')",-8.223148062157586,0.4780525343594743
84,LDA,26,"(6, '0.054*""right"" + 0.034*""law"" + 0.017*""discrimination"" + 0.016*""racism"" + 0.014*""freedom"" + 0.014*""Act"" + 0.014*""Americans"" + 0.012*""racial"" + 0.011*""legal"" + 0.009*""public""')",-8.223148062157586,0.4780525343594743
85,LDA,26,"(7, '0.035*""study"" + 0.027*""research"" + 0.017*""result"" + 0.016*""use"" + 0.012*""measure"" + 0.011*""datum"" + 0.011*""analysis"" + 0.011*""show"" + 0.011*""report"" + 0.011*""find""')",-8.223148062157586,0.4780525343594743
86,LDA,26,"(8, '0.031*""organization"" + 0.027*""employee"" + 0.025*""work"" + 0.022*""change"" + 0.021*""need"" + 0.017*""management"" + 0.013*""organizational"" + 0.012*""provide"" + 0.011*""make"" + 0.011*""program""')",-8.223148062157586,0.4780525343594743
87,LDA,26,"(9, '0.086*""health"" + 0.037*""care"" + 0.034*""patient"" + 0.016*""drink"" + 0.016*""disease"" + 0.016*""medical"" + 0.015*""healthy"" + 0.014*""drinking"" + 0.013*""treatment"" + 0.012*""tube""')",-8.223148062157586,0.4780525343594743
88,LDA,26,"(10, '0.059*""change"" + 0.011*""group"" + 0.010*""different"" + 0.010*""culture"" + 0.008*""society"" + 0.008*""theory"" + 0.008*""value"" + 0.008*""individual"" + 0.007*""example"" + 0.007*""influence""')",-8.223148062157586,0.4780525343594743
89,LDA,26,"(11, '0.036*""wind"" + 0.021*""american"" + 0.020*""America"" + 0.018*""african"" + 0.017*""race"" + 0.017*""church"" + 0.014*""language"" + 0.014*""color"" + 0.012*""gay"" + 0.012*""culture""')",-8.223148062157586,0.4780525343594743
90,LDA,26,"(12, '0.041*""drug"" + 0.022*""stress"" + 0.021*""mental"" + 0.018*""physical"" + 0.016*""alcohol"" + 0.016*""effect"" + 0.016*""individual"" + 0.015*""addiction"" + 0.014*""abuse"" + 0.014*""emotional""')",-8.223148062157586,0.4780525343594743
91,LDA,26,"(13, '0.031*""people"" + 0.020*""make"" + 0.020*""would"" + 0.017*""go"" + 0.015*""time"" + 0.015*""get"" + 0.014*""life"" + 0.013*""take"" + 0.013*""many"" + 0.013*""way""')",-8.223148062157586,0.4780525343594743
92,LDA,26,"(14, '0.029*""human"" + 0.027*""life"" + 0.026*""religion"" + 0.017*""God"" + 0.016*""believe"" + 0.013*""religious"" + 0.012*""death"" + 0.011*""belief"" + 0.009*""argument"" + 0.009*""moral""')",-8.223148062157586,0.4780525343594743
93,LDA,26,"(15, '0.086*""woman"" + 0.045*""man"" + 0.025*""society"" + 0.022*""gender"" + 0.016*""male"" + 0.015*""female"" + 0.010*""marriage"" + 0.010*""feminist"" + 0.009*""work"" + 0.009*""same""')",-8.223148062157586,0.4780525343594743
94,LDA,26,"(16, '0.031*""table"" + 0.019*""ceo"" + 0.019*""disaster"" + 0.017*""Commission"" + 0.016*""nutrient"" + 0.015*""mineral"" + 0.013*""poultry"" + 0.013*""fruit"" + 0.012*""cool"" + 0.011*""chinese""')",-8.223148062157586,0.4780525343594743
95,LDA,26,"(17, '0.023*""forest"" + 0.020*""rain"" + 0.020*""river"" + 0.012*""story"" + 0.011*""sea"" + 0.011*""sun"" + 0.010*""ocean"" + 0.010*""acid"" + 0.009*""character"" + 0.008*""Earth""')",-8.223148062157586,0.4780525343594743
96,LDA,26,"(18, '0.026*""social"" + 0.017*""use"" + 0.015*""medium"" + 0.013*""new"" + 0.009*""time"" + 0.008*""internet"" + 0.007*""become"" + 0.006*""brand"" + 0.006*""allow"" + 0.006*""face""')",-8.223148062157586,0.4780525343594743
97,LDA,26,"(19, '0.020*""global"" + 0.019*""country"" + 0.016*""world"" + 0.014*""economic"" + 0.012*""land"" + 0.012*""environmental"" + 0.011*""increase"" + 0.010*""development"" + 0.010*""develop"" + 0.009*""change""')",-8.223148062157586,0.4780525343594743
98,LDA,26,"(20, '0.043*""police"" + 0.029*""officer"" + 0.027*""marijuana"" + 0.024*""law"" + 0.021*""immigrant"" + 0.020*""gun"" + 0.019*""illegal"" + 0.015*""use"" + 0.014*""enforcement"" + 0.013*""agency""')",-8.223148062157586,0.4780525343594743
99,LDA,26,"(21, '0.015*""begin"" + 0.013*""century"" + 0.013*""New"" + 0.013*""first"" + 0.012*""time"" + 0.012*""season"" + 0.011*""period"" + 0.010*""movement"" + 0.010*""war"" + 0.009*""solar""')",-8.223148062157586,0.4780525343594743
100,LDA,26,"(22, '0.076*""water"" + 0.030*""climate"" + 0.020*""energy"" + 0.018*""use"" + 0.016*""temperature"" + 0.015*""food"" + 0.015*""plant"" + 0.014*""change"" + 0.013*""cause"" + 0.013*""gas""')",-8.223148062157586,0.4780525343594743
101,LDA,26,"(23, '0.025*""system"" + 0.025*""product"" + 0.020*""process"" + 0.014*""new"" + 0.012*""cost"" + 0.011*""innovation"" + 0.010*""change"" + 0.010*""design"" + 0.009*""manage"" + 0.009*""management""')",-8.223148062157586,0.4780525343594743
102,LDA,26,"(24, '0.109*""company"" + 0.065*""business"" + 0.039*""customer"" + 0.031*""market"" + 0.022*""manager"" + 0.019*""consumer"" + 0.016*""strategy"" + 0.014*""leadership"" + 0.014*""marketing"" + 0.012*""sustainability""')",-8.223148062157586,0.4780525343594743
103,LDA,26,"(25, '0.056*""use"" + 0.041*""information"" + 0.036*""technology"" + 0.015*""communication"" + 0.014*""computer"" + 0.014*""al"" + 0.013*""intelligence"" + 0.013*""phone"" + 0.011*""robot"" + 0.009*""article""')",-8.223148062157586,0.4780525343594743
104,LDA,28,"(0, '0.062*""health"" + 0.025*""patient"" + 0.024*""drug"" + 0.021*""care"" + 0.020*""disease"" + 0.012*""treatment"" + 0.011*""individual"" + 0.011*""effect"" + 0.010*""mental"" + 0.010*""stress""')",-8.227239300982232,0.5029140157208714
105,LDA,28,"(1, '0.028*""society"" + 0.026*""culture"" + 0.023*""change"" + 0.020*""social"" + 0.020*""group"" + 0.012*""theory"" + 0.010*""different"" + 0.009*""individual"" + 0.009*""cultural"" + 0.009*""view""')",-8.227239300982232,0.5029140157208714
106,LDA,28,"(2, '0.110*""school"" + 0.100*""student"" + 0.049*""bully"" + 0.046*""bullying"" + 0.036*""teacher"" + 0.026*""learn"" + 0.024*""education"" + 0.024*""feedback"" + 0.018*""cyber"" + 0.013*""networking""')",-8.227239300982232,0.5029140157208714
107,LDA,28,"(3, '0.023*""use"" + 0.018*""information"" + 0.017*""study"" + 0.014*""research"" + 0.012*""manager"" + 0.010*""may"" + 0.009*""include"" + 0.008*""base"" + 0.007*""process"" + 0.007*""make""')",-8.227239300982232,0.5029140157208714
108,LDA,28,"(4, '0.050*""police"" + 0.032*""officer"" + 0.020*""system"" + 0.018*""mobile"" + 0.015*""search"" + 0.015*""educational"" + 0.013*""use"" + 0.013*""traffic"" + 0.012*""force"" + 0.011*""department""')",-8.227239300982232,0.5029140157208714
109,LDA,28,"(5, '0.054*""white"" + 0.048*""black"" + 0.036*""marijuana"" + 0.029*""african"" + 0.027*""color"" + 0.016*""African"" + 0.016*""community"" + 0.015*""freshwater"" + 0.015*""hypothesis"" + 0.015*""race""')",-8.227239300982232,0.5029140157208714
110,LDA,28,"(6, '0.023*""United"" + 0.017*""States"" + 0.015*""America"" + 0.014*""year"" + 0.014*""american"" + 0.013*""many"" + 0.012*""country"" + 0.011*""new"" + 0.011*""resistance"" + 0.011*""state""')",-8.227239300982232,0.5029140157208714
111,LDA,28,"(7, '0.027*""abortion"" + 0.027*""suicide"" + 0.020*""egg"" + 0.020*""physician"" + 0.019*""life"" + 0.018*""plastic"" + 0.014*""pro"" + 0.012*""ph"" + 0.012*""birth"" + 0.011*""die""')",-8.227239300982232,0.5029140157208714
112,LDA,28,"(8, '0.056*""change"" + 0.036*""organization"" + 0.027*""employee"" + 0.025*""work"" + 0.023*""management"" + 0.017*""need"" + 0.013*""organizational"" + 0.010*""plan"" + 0.010*""strategy"" + 0.010*""service""')",-8.227239300982232,0.5029140157208714
113,LDA,28,"(9, '0.037*""people"" + 0.022*""make"" + 0.022*""would"" + 0.016*""life"" + 0.016*""go"" + 0.015*""many"" + 0.015*""way"" + 0.014*""take"" + 0.013*""get"" + 0.013*""time""')",-8.227239300982232,0.5029140157208714
114,LDA,28,"(10, '0.021*""country"" + 0.014*""increase"" + 0.012*""environmental"" + 0.012*""economic"" + 0.011*""development"" + 0.011*""world"" + 0.009*""develop"" + 0.009*""resource"" + 0.008*""growth"" + 0.008*""impact""')",-8.227239300982232,0.5029140157208714
115,LDA,28,"(11, '0.066*""social"" + 0.049*""medium"" + 0.036*""use"" + 0.027*""technology"" + 0.024*""internet"" + 0.019*""communication"" + 0.014*""phone"" + 0.014*""art"" + 0.014*""network"" + 0.013*""site""')",-8.227239300982232,0.5029140157208714
116,LDA,28,"(12, '0.026*""may"" + 0.024*""physical"" + 0.021*""abuse"" + 0.018*""emotional"" + 0.018*""person"" + 0.012*""child"" + 0.011*""nurse"" + 0.011*""act"" + 0.010*""Obama"" + 0.009*""violence""')",-8.227239300982232,0.5029140157208714
117,LDA,28,"(13, '0.039*""death"" + 0.035*""crime"" + 0.028*""punishment"" + 0.024*""penalty"" + 0.024*""criminal"" + 0.021*""capital"" + 0.017*""justice"" + 0.014*""murder"" + 0.013*""commit"" + 0.013*""victim""')",-8.227239300982232,0.5029140157208714
118,LDA,28,"(14, '0.044*""forest"" + 0.020*""summer"" + 0.018*""man"" + 0.018*""gun"" + 0.016*""film"" + 0.013*""island"" + 0.011*""scene"" + 0.010*""town"" + 0.009*""book"" + 0.009*""’s""')",-8.227239300982232,0.5029140157208714
119,LDA,28,"(15, '0.059*""child"" + 0.043*""family"" + 0.021*""young"" + 0.021*""age"" + 0.017*""parent"" + 0.016*""old"" + 0.013*""year"" + 0.013*""mother"" + 0.011*""father"" + 0.011*""show""')",-8.227239300982232,0.5029140157208714
120,LDA,28,"(16, '0.022*""power"" + 0.018*""leader"" + 0.017*""political"" + 0.016*""system"" + 0.016*""government"" + 0.015*""state"" + 0.010*""vision"" + 0.010*""public"" + 0.009*""interest"" + 0.008*""control""')",-8.227239300982232,0.5029140157208714
121,LDA,28,"(17, '0.063*""company"" + 0.041*""product"" + 0.040*""business"" + 0.037*""market"" + 0.026*""customer"" + 0.021*""new"" + 0.019*""innovation"" + 0.017*""consumer"" + 0.012*""industry"" + 0.010*""technology""')",-8.227239300982232,0.5029140157208714
122,LDA,28,"(18, '0.075*""woman"" + 0.055*""right"" + 0.029*""marriage"" + 0.025*""man"" + 0.021*""sex"" + 0.012*""human"" + 0.011*""Islam"" + 0.010*""divorce"" + 0.010*""same"" + 0.008*""equal""')",-8.227239300982232,0.5029140157208714
123,LDA,28,"(19, '0.066*""religion"" + 0.043*""God"" + 0.031*""religious"" + 0.030*""life"" + 0.025*""belief"" + 0.019*""believe"" + 0.019*""human"" + 0.016*""church"" + 0.015*""faith"" + 0.014*""death""')",-8.227239300982232,0.5029140157208714
124,LDA,28,"(20, '0.021*""acid"" + 0.018*""computer"" + 0.017*""coastal"" + 0.016*""|"" + 0.016*""King"" + 0.013*""city"" + 0.013*""Organizational"" + 0.013*""tourist"" + 0.012*""foreign"" + 0.012*""Hudson""')",-8.227239300982232,0.5029140157208714
125,LDA,28,"(21, '0.055*""change"" + 0.025*""climate"" + 0.011*""temperature"" + 0.011*""increase"" + 0.010*""cause"" + 0.009*""gas"" + 0.009*""effect"" + 0.009*""carbon"" + 0.008*""global"" + 0.008*""warming""')",-8.227239300982232,0.5029140157208714
126,LDA,28,"(22, '0.032*""land"" + 0.021*""animal"" + 0.019*""sea"" + 0.016*""wind"" + 0.016*""tree"" + 0.016*""soil"" + 0.015*""rain"" + 0.014*""river"" + 0.014*""ocean"" + 0.013*""farm""')",-8.227239300982232,0.5029140157208714
127,LDA,28,"(23, '0.061*""law"" + 0.039*""government"" + 0.030*""state"" + 0.022*""Act"" + 0.018*""public"" + 0.015*""protect"" + 0.012*""legal"" + 0.011*""policy"" + 0.011*""agency"" + 0.011*""branch""')",-8.227239300982232,0.5029140157208714
128,LDA,28,"(24, '0.035*""movie"" + 0.033*""drink"" + 0.028*""car"" + 0.025*""game"" + 0.022*""drinking"" + 0.014*""Google"" + 0.014*""bottle"" + 0.013*""sport"" + 0.013*""healthy"" + 0.012*""spill""')",-8.227239300982232,0.5029140157208714
129,LDA,28,"(25, '0.215*""water"" + 0.042*""plant"" + 0.036*""use"" + 0.035*""food"" + 0.024*""waste"" + 0.017*""energy"" + 0.015*""chemical"" + 0.009*""produce"" + 0.008*""organism"" + 0.008*""cell""')",-8.227239300982232,0.5029140157208714
130,LDA,28,"(26, '0.011*""model"" + 0.009*""form"" + 0.009*""stage"" + 0.008*""experience"" + 0.008*""time"" + 0.008*""nature"" + 0.008*""create"" + 0.007*""human"" + 0.007*""first"" + 0.007*""part""')",-8.227239300982232,0.5029140157208714
131,LDA,28,"(27, '0.037*""story"" + 0.027*""intelligence"" + 0.025*""character"" + 0.020*""write"" + 0.017*""text"" + 0.017*""use"" + 0.017*""author"" + 0.013*""image"" + 0.012*""reader"" + 0.012*""audience""')",-8.227239300982232,0.5029140157208714
132,LSA,12,"(0, '0.215*""people"" + 0.193*""change"" + 0.184*""use"" + 0.167*""make"" + 0.135*""may"" + 0.129*""social"" + 0.125*""many"" + 0.124*""would"" + 0.115*""life"" + 0.114*""work""')",N/A,0.35284271226936514
133,LSA,12,"(1, '-0.457*""punishment"" + -0.449*""death"" + -0.309*""penalty"" + -0.300*""capital"" + -0.185*""crime"" + 0.180*""change"" + -0.155*""right"" + -0.136*""execution"" + -0.120*""criminal"" + -0.117*""life""')",N/A,0.35284271226936514
134,LSA,12,"(2, '0.504*""woman"" + -0.492*""water"" + 0.201*""child"" + -0.191*""change"" + 0.148*""man"" + 0.141*""right"" + -0.119*""punishment"" + -0.117*""use"" + 0.116*""class"" + 0.112*""society""')",N/A,0.35284271226936514
135,LSA,12,"(3, '-0.483*""health"" + -0.389*""care"" + -0.253*""patient"" + 0.242*""change"" + 0.183*""woman"" + -0.161*""drug"" + 0.140*""country"" + 0.127*""globalization"" + 0.118*""economic"" + -0.113*""child""')",N/A,0.35284271226936514
136,LSA,12,"(4, '0.694*""water"" + -0.331*""change"" + 0.265*""woman"" + 0.169*""child"" + -0.153*""organization"" + 0.111*""abortion"" + -0.099*""employee"" + -0.098*""social"" + -0.095*""company"" + -0.087*""health""')",N/A,0.35284271226936514
137,LSA,12,"(5, '0.491*""drug"" + -0.314*""health"" + -0.309*""woman"" + 0.238*""use"" + -0.224*""care"" + 0.193*""social"" + -0.171*""right"" + 0.159*""police"" + 0.155*""abuse"" + 0.150*""medium""')",N/A,0.35284271226936514
138,LSA,12,"(6, '0.485*""change"" + -0.354*""social"" + 0.309*""drug"" + 0.306*""woman"" + -0.250*""class"" + -0.187*""medium"" + 0.121*""police"" + -0.120*""people"" + 0.103*""organization"" + -0.101*""society""')",N/A,0.35284271226936514
139,LSA,12,"(7, '-0.336*""right"" + -0.322*""police"" + 0.308*""change"" + 0.241*""child"" + -0.163*""law"" + 0.158*""class"" + -0.150*""officer"" + -0.149*""human"" + 0.135*""people"" + -0.135*""drug""')",N/A,0.35284271226936514
140,LSA,12,"(8, '-0.411*""woman"" + 0.359*""child"" + 0.332*""right"" + -0.238*""social"" + 0.210*""human"" + -0.174*""use"" + -0.141*""class"" + -0.134*""health"" + -0.129*""medium"" + -0.120*""drug""')",N/A,0.35284271226936514
141,LSA,12,"(9, '-0.532*""police"" + 0.425*""drug"" + -0.237*""officer"" + -0.174*""complaint"" + 0.153*""country"" + -0.149*""child"" + -0.137*""citizen"" + -0.133*""department"" + -0.124*""force"" + 0.121*""globalization""')",N/A,0.35284271226936514
142,LSA,12,"(10, '-0.378*""class"" + 0.367*""medium"" + -0.206*""drug"" + 0.205*""social"" + -0.202*""system"" + 0.188*""child"" + 0.167*""woman"" + 0.162*""company"" + -0.151*""society"" + 0.140*""use""')",N/A,0.35284271226936514
143,LSA,12,"(11, '-0.465*""right"" + -0.323*""social"" + -0.253*""medium"" + -0.235*""human"" + -0.212*""change"" + -0.208*""water"" + 0.169*""globalization"" + 0.157*""country"" + -0.156*""organization"" + -0.150*""drug""')",N/A,0.35284271226936514
144,LSA,16,"(0, '0.480*""-PRON-"" + 0.362*""the"" + 0.206*""’s"" + 0.150*""people"" + 0.133*""also"" + 0.128*""one"" + 0.127*""in"" + 0.123*""this"" + 0.123*""use"" + 0.119*""change""')",N/A,0.4491415495289572
145,LSA,16,"(1, '0.734*""-PRON-"" + -0.270*""the"" + -0.146*""change"" + -0.116*""health"" + -0.106*""system"" + -0.096*""use"" + -0.093*""country"" + -0.084*""social"" + -0.080*""water"" + 0.077*""not""')",N/A,0.4491415495289572
146,LSA,16,"(2, '-0.457*""punishment"" + -0.448*""death"" + -0.310*""penalty"" + -0.296*""capital"" + -0.186*""crime"" + -0.174*""right"" + 0.160*""change"" + -0.136*""execution"" + -0.121*""criminal"" + -0.113*""life""')",N/A,0.4491415495289572
147,LSA,16,"(3, '-0.560*""woman"" + 0.422*""water"" + -0.214*""’s"" + -0.188*""right"" + -0.149*""man"" + 0.148*""health"" + 0.147*""-PRON-"" + 0.147*""use"" + -0.134*""society"" + -0.125*""class""')",N/A,0.4491415495289572
148,LSA,16,"(4, '-0.468*""health"" + 0.460*""water"" + -0.400*""care"" + -0.252*""patient"" + -0.119*""service"" + -0.109*""child"" + -0.106*""nurse"" + -0.102*""drug"" + 0.097*""country"" + 0.089*""change""')",N/A,0.4491415495289572
149,LSA,16,"(5, '-0.491*""water"" + 0.394*""change"" + -0.332*""woman"" + 0.160*""organization"" + -0.160*""health"" + 0.160*""social"" + -0.159*""child"" + -0.151*""  "" + -0.140*""right"" + -0.116*""abortion""')",N/A,0.4491415495289572
150,LSA,16,"(6, '-0.487*""drug"" + 0.298*""change"" + -0.288*""use"" + -0.244*""social"" + 0.215*""health"" + -0.169*""medium"" + 0.166*""care"" + -0.164*""police"" + 0.157*""woman"" + -0.152*""abuse""')",N/A,0.4491415495289572
151,LSA,16,"(7, '0.449*""change"" + 0.358*""drug"" + 0.348*""woman"" + -0.208*""right"" + -0.195*""class"" + -0.182*""social"" + -0.138*""people"" + 0.127*""police"" + -0.126*""human"" + 0.124*""use""')",N/A,0.4491415495289572
152,LSA,16,"(8, '0.364*""right"" + -0.313*""social"" + -0.262*""class"" + 0.255*""police"" + -0.253*""water"" + -0.196*""woman"" + 0.165*""law"" + 0.160*""human"" + -0.138*""punishment"" + -0.136*""death""')",N/A,0.4491415495289572
153,LSA,16,"(9, '0.393*""police"" + -0.373*""child"" + -0.367*""right"" + -0.263*""drug"" + -0.212*""change"" + -0.189*""human"" + 0.168*""officer"" + 0.151*""the"" + 0.127*""complaint"" + 0.113*""citizen""')",N/A,0.4491415495289572
154,LSA,16,"(10, '-0.355*""police"" + -0.258*""right"" + -0.230*""water"" + -0.229*""child"" + 0.216*""drug"" + 0.212*""country"" + 0.193*""globalization"" + -0.179*""change"" + -0.153*""social"" + -0.153*""officer""')",N/A,0.4491415495289572
155,LSA,16,"(11, '0.382*""medium"" + 0.308*""social"" + -0.305*""class"" + -0.212*""drug"" + -0.194*""system"" + 0.193*""use"" + 0.164*""company"" + -0.133*""change"" + 0.133*""woman"" + 0.131*""business""')",N/A,0.4491415495289572
156,LSA,16,"(12, '-0.540*""child"" + 0.326*""right"" + 0.227*""drug"" + -0.192*""bully"" + 0.188*""human"" + 0.183*""social"" + 0.155*""patient"" + -0.147*""school"" + 0.138*""use"" + 0.130*""-PRON-""')",N/A,0.4491415495289572
157,LSA,16,"(13, '-0.243*""the"" + -0.199*""  "" + 0.199*""police"" + 0.176*""drug"" + -0.166*""design"" + -0.165*""building"" + 0.160*""country"" + -0.157*""skyscraper"" + 0.155*""company"" + -0.151*""religion""')",N/A,0.4491415495289572
158,LSA,16,"(14, '0.357*""design"" + 0.340*""building"" + 0.322*""skyscraper"" + 0.206*""energy"" + -0.187*""the"" + 0.179*""system"" + 0.142*""right"" + -0.137*""  "" + 0.130*""build"" + 0.121*""turbine""')",N/A,0.4491415495289572
159,LSA,16,"(15, '0.581*""  "" + 0.343*""system"" + 0.216*""relation"" + 0.210*""industrial"" + 0.160*""child"" + -0.152*""people"" + -0.148*""’s"" + 0.137*""theory"" + 0.129*""globalization"" + 0.128*""economic""')",N/A,0.4491415495289572
160,LSA,20,"(0, '0.215*""people"" + 0.193*""change"" + 0.185*""use"" + 0.167*""make"" + 0.135*""may"" + 0.129*""social"" + 0.125*""many"" + 0.125*""would"" + 0.115*""life"" + 0.115*""work""')",N/A,0.3321865431289418
161,LSA,20,"(1, '-0.450*""punishment"" + -0.449*""death"" + -0.309*""penalty"" + -0.295*""capital"" + -0.185*""crime"" + 0.182*""change"" + -0.153*""right"" + -0.134*""execution"" + -0.119*""criminal"" + -0.119*""life""')",N/A,0.3321865431289418
162,LSA,20,"(2, '0.474*""woman"" + -0.454*""water"" + -0.204*""change"" + 0.178*""child"" + 0.147*""man"" + -0.134*""punishment"" + 0.126*""right"" + 0.124*""society"" + -0.123*""death"" + -0.121*""use""')",N/A,0.3321865431289418
163,LSA,20,"(3, '-0.528*""health"" + -0.453*""care"" + -0.254*""patient"" + 0.194*""water"" + 0.181*""woman"" + 0.172*""change"" + -0.136*""service"" + 0.106*""country"" + -0.100*""drug"" + -0.099*""child""')",N/A,0.3321865431289418
164,LSA,20,"(4, '0.654*""water"" + -0.376*""change"" + 0.191*""child"" + -0.176*""organization"" + 0.151*""woman"" + -0.130*""employee"" + -0.116*""company"" + 0.111*""drug"" + 0.108*""use"" + -0.103*""social""')",N/A,0.3321865431289418
165,LSA,20,"(5, '-0.446*""woman"" + 0.387*""drug"" + 0.247*""use"" + -0.244*""health"" + -0.199*""water"" + 0.184*""social"" + -0.179*""right"" + 0.169*""medium"" + 0.166*""people"" + -0.161*""care""')",N/A,0.3321865431289418
166,LSA,20,"(6, '0.520*""change"" + -0.306*""social"" + 0.217*""woman"" + 0.206*""drug"" + -0.183*""class"" + -0.181*""medium"" + -0.180*""country"" + 0.145*""child"" + -0.120*""economic"" + 0.105*""organization""')",N/A,0.3321865431289418
167,LSA,20,"(7, '0.441*""drug"" + 0.321*""woman"" + 0.271*""police"" + -0.230*""people"" + 0.228*""use"" + -0.180*""child"" + -0.130*""water"" + -0.127*""change"" + -0.124*""life"" + -0.123*""class""')",N/A,0.3321865431289418
168,LSA,20,"(8, '-0.376*""social"" + 0.337*""right"" + -0.328*""woman"" + -0.218*""medium"" + 0.188*""human"" + -0.174*""class"" + -0.160*""use"" + 0.157*""law"" + -0.148*""water"" + 0.147*""child""')",N/A,0.3321865431289418
169,LSA,20,"(9, '-0.475*""police"" + 0.280*""drug"" + 0.245*""child"" + -0.217*""officer"" + 0.194*""country"" + 0.164*""company"" + -0.148*""water"" + 0.143*""globalization"" + -0.142*""complaint"" + 0.135*""market""')",N/A,0.3321865431289418
170,LSA,20,"(10, '-0.346*""right"" + -0.342*""child"" + -0.318*""medium"" + -0.287*""social"" + 0.226*""class"" + 0.199*""drug"" + -0.163*""use"" + -0.150*""human"" + 0.139*""people"" + 0.132*""system""')",N/A,0.3321865431289418
171,LSA,20,"(11, '-0.400*""right"" + -0.350*""drug"" + 0.305*""police"" + -0.245*""human"" + -0.163*""change"" + 0.148*""child"" + -0.143*""water"" + 0.139*""officer"" + 0.136*""company"" + -0.135*""class""')",N/A,0.3321865431289418
172,LSA,20,"(12, '-0.570*""child"" + -0.315*""class"" + 0.157*""medium"" + 0.155*""patient"" + 0.155*""people"" + -0.136*""work"" + -0.133*""system"" + 0.130*""use"" + -0.124*""police"" + 0.114*""religion""')",N/A,0.3321865431289418
173,LSA,20,"(13, '0.354*""design"" + 0.310*""building"" + 0.303*""system"" + 0.301*""skyscraper"" + 0.216*""energy"" + -0.169*""people"" + 0.153*""build"" + -0.136*""police"" + -0.131*""country"" + -0.130*""water""')",N/A,0.3321865431289418
174,LSA,20,"(14, '0.292*""company"" + -0.248*""globalization"" + -0.240*""health"" + 0.193*""patient"" + 0.186*""class"" + 0.173*""employee"" + 0.162*""business"" + -0.153*""economic"" + 0.151*""work"" + 0.145*""right""')",N/A,0.3321865431289418
175,LSA,20,"(15, '-0.486*""patient"" + 0.324*""health"" + -0.284*""nurse"" + -0.227*""globalization"" + -0.174*""restraint"" + -0.140*""economic"" + 0.120*""company"" + -0.119*""country"" + -0.114*""use"" + -0.106*""care""')",N/A,0.3321865431289418
176,LSA,20,"(16, '-0.251*""human"" + 0.247*""system"" + 0.234*""government"" + 0.216*""democracy"" + -0.215*""globalization"" + -0.200*""class"" + -0.189*""right"" + -0.172*""abortion"" + 0.160*""state"" + 0.158*""political""')",N/A,0.3321865431289418
177,LSA,20,"(17, '0.329*""system"" + 0.259*""relation"" + 0.250*""industrial"" + 0.188*""abortion"" + 0.183*""theory"" + -0.174*""class"" + -0.153*""patient"" + 0.150*""God"" + -0.139*""change"" + 0.137*""life""')",N/A,0.3321865431289418
178,LSA,20,"(18, '-0.637*""abortion"" + 0.170*""globalization"" + -0.163*""pregnancy"" + 0.138*""man"" + 0.138*""work"" + -0.131*""life"" + -0.128*""class"" + -0.115*""state"" + 0.113*""culture"" + -0.111*""government""')",N/A,0.3321865431289418
179,LSA,20,"(19, '0.335*""show"" + -0.303*""abortion"" + -0.207*""people"" + 0.203*""teen"" + 0.201*""food"" + -0.151*""globalization"" + -0.144*""person"" + -0.117*""design"" + 0.116*""crop"" + -0.109*""skyscraper""')",N/A,0.3321865431289418
180,LSA,22,"(0, '0.215*""people"" + 0.193*""change"" + 0.185*""use"" + 0.167*""make"" + 0.135*""may"" + 0.129*""social"" + 0.125*""many"" + 0.125*""would"" + 0.115*""life"" + 0.115*""work""')",N/A,0.31713183722598565
181,LSA,22,"(1, '-0.450*""punishment"" + -0.449*""death"" + -0.309*""penalty"" + -0.294*""capital"" + -0.186*""crime"" + 0.184*""change"" + -0.154*""right"" + -0.134*""execution"" + -0.120*""life"" + -0.119*""criminal""')",N/A,0.31713183722598565
182,LSA,22,"(2, '0.472*""woman"" + -0.444*""water"" + -0.216*""change"" + 0.181*""child"" + 0.148*""man"" + -0.137*""punishment"" + 0.129*""right"" + -0.123*""death"" + 0.121*""society"" + -0.120*""use""')",N/A,0.31713183722598565
183,LSA,22,"(3, '-0.537*""health"" + -0.452*""care"" + -0.252*""patient"" + 0.194*""change"" + 0.175*""woman"" + 0.158*""water"" + -0.136*""service"" + -0.101*""drug"" + 0.098*""country"" + -0.095*""child""')",N/A,0.31713183722598565
184,LSA,22,"(4, '0.669*""water"" + -0.371*""change"" + -0.177*""organization"" + 0.175*""child"" + 0.146*""woman"" + -0.131*""employee"" + -0.109*""company"" + 0.107*""use"" + -0.104*""social"" + 0.101*""drug""')",N/A,0.31713183722598565
185,LSA,22,"(5, '-0.452*""woman"" + 0.385*""drug"" + 0.247*""use"" + -0.243*""health"" + -0.197*""water"" + -0.181*""right"" + 0.174*""social"" + 0.168*""people"" + 0.163*""medium"" + -0.160*""care""')",N/A,0.31713183722598565
186,LSA,22,"(6, '0.515*""change"" + -0.287*""social"" + 0.213*""woman"" + -0.196*""country"" + -0.185*""class"" + 0.178*""drug"" + 0.173*""child"" + -0.171*""medium"" + -0.133*""economic"" + 0.108*""organization""')",N/A,0.31713183722598565
187,LSA,22,"(7, '0.452*""drug"" + 0.353*""woman"" + 0.261*""police"" + 0.239*""use"" + -0.235*""people"" + -0.182*""child"" + -0.134*""water"" + -0.118*""life"" + 0.117*""officer"" + -0.116*""class""')",N/A,0.31713183722598565
188,LSA,22,"(8, '-0.385*""social"" + 0.342*""right"" + -0.301*""woman"" + -0.221*""medium"" + 0.190*""human"" + -0.185*""class"" + -0.159*""water"" + 0.158*""law"" + -0.145*""use"" + 0.138*""police""')",N/A,0.31713183722598565
189,LSA,22,"(9, '-0.447*""police"" + 0.261*""drug"" + 0.214*""child"" + 0.207*""country"" + -0.205*""officer"" + -0.172*""water"" + 0.163*""company"" + 0.149*""market"" + 0.147*""globalization"" + -0.135*""complaint""')",N/A,0.31713183722598565
190,LSA,22,"(10, '-0.382*""right"" + -0.370*""child"" + -0.311*""medium"" + -0.289*""social"" + 0.209*""class"" + -0.168*""human"" + -0.150*""use"" + 0.141*""people"" + 0.131*""system"" + 0.131*""would""')",N/A,0.31713183722598565
191,LSA,22,"(11, '-0.406*""drug"" + 0.341*""police"" + -0.323*""right"" + -0.213*""human"" + 0.210*""child"" + 0.155*""officer"" + -0.147*""change"" + -0.138*""class"" + 0.137*""company"" + -0.125*""water""')",N/A,0.31713183722598565
192,LSA,22,"(12, '-0.556*""child"" + -0.328*""class"" + 0.170*""medium"" + -0.148*""system"" + 0.145*""patient"" + 0.139*""use"" + 0.139*""people"" + -0.135*""work"" + 0.116*""woman"" + 0.114*""religion""')",N/A,0.31713183722598565
193,LSA,22,"(13, '0.346*""design"" + 0.304*""building"" + 0.301*""system"" + 0.295*""skyscraper"" + 0.217*""energy"" + -0.171*""people"" + 0.151*""build"" + -0.141*""police"" + -0.139*""water"" + -0.132*""country""')",N/A,0.31713183722598565
194,LSA,22,"(14, '0.282*""company"" + -0.253*""health"" + -0.207*""globalization"" + 0.196*""patient"" + 0.182*""employee"" + 0.179*""class"" + 0.160*""work"" + 0.160*""business"" + -0.156*""change"" + 0.146*""right""')",N/A,0.31713183722598565
195,LSA,22,"(15, '-0.447*""patient"" + 0.312*""health"" + -0.270*""nurse"" + -0.243*""globalization"" + -0.164*""restraint"" + 0.144*""right"" + -0.144*""economic"" + 0.127*""company"" + 0.126*""human"" + -0.122*""system""')",N/A,0.31713183722598565
196,LSA,22,"(16, '-0.267*""human"" + 0.230*""system"" + 0.224*""government"" + 0.204*""democracy"" + -0.197*""globalization"" + -0.191*""class"" + -0.183*""right"" + 0.165*""law"" + -0.164*""abortion"" + 0.151*""state""')",N/A,0.31713183722598565
197,LSA,22,"(17, '0.270*""system"" + 0.226*""relation"" + 0.208*""industrial"" + -0.204*""patient"" + -0.181*""class"" + 0.181*""theory"" + 0.171*""God"" + -0.162*""change"" + 0.151*""abortion"" + 0.150*""religion""')",N/A,0.31713183722598565
198,LSA,22,"(18, '-0.606*""abortion"" + 0.206*""globalization"" + -0.149*""pregnancy"" + 0.146*""culture"" + -0.143*""life"" + 0.141*""work"" + -0.132*""government"" + 0.130*""man"" + -0.119*""state"" + -0.107*""class""')",N/A,0.31713183722598565
199,LSA,22,"(19, '-0.396*""abortion"" + 0.229*""show"" + -0.218*""globalization"" + -0.216*""people"" + 0.197*""food"" + -0.156*""design"" + -0.142*""skyscraper"" + -0.140*""building"" + 0.139*""teen"" + 0.117*""crop""')",N/A,0.31713183722598565
200,LSA,22,"(20, '-0.301*""system"" + 0.232*""religion"" + -0.189*""bully"" + -0.168*""abortion"" + -0.167*""bullying"" + -0.164*""industrial"" + -0.150*""relation"" + -0.145*""school"" + 0.142*""democracy"" + 0.135*""God""')",N/A,0.31713183722598565
201,LSA,22,"(21, '-0.261*""food"" + 0.221*""show"" + -0.218*""care"" + -0.172*""people"" + 0.156*""nuclear"" + 0.151*""teen"" + -0.138*""system"" + -0.136*""crop"" + -0.130*""change"" + -0.128*""modify""')",N/A,0.31713183722598565
202,LSA,24,"(0, '0.215*""people"" + 0.193*""change"" + 0.185*""use"" + 0.167*""make"" + 0.135*""may"" + 0.128*""social"" + 0.125*""many"" + 0.124*""would"" + 0.115*""life"" + 0.115*""work""')",N/A,0.31425691021644536
203,LSA,24,"(1, '-0.448*""punishment"" + -0.448*""death"" + -0.308*""penalty"" + -0.293*""capital"" + 0.187*""change"" + -0.186*""crime"" + -0.155*""right"" + -0.133*""execution"" + -0.120*""life"" + -0.120*""criminal""')",N/A,0.31425691021644536
204,LSA,24,"(2, '0.458*""woman"" + -0.458*""water"" + -0.227*""change"" + 0.182*""child"" + 0.144*""man"" + -0.138*""punishment"" + -0.127*""death"" + 0.124*""right"" + 0.120*""society"" + -0.118*""use""')",N/A,0.31425691021644536
205,LSA,24,"(3, '-0.538*""health"" + -0.454*""care"" + -0.258*""patient"" + 0.194*""woman"" + 0.180*""change"" + 0.151*""water"" + -0.141*""service"" + -0.096*""drug"" + 0.093*""society"" + 0.092*""country""')",N/A,0.31425691021644536
206,LSA,24,"(4, '0.662*""water"" + -0.386*""change"" + -0.184*""organization"" + 0.171*""child"" + -0.148*""employee"" + 0.144*""woman"" + 0.111*""use"" + -0.107*""company"" + 0.103*""drug"" + -0.095*""social""')",N/A,0.31425691021644536
207,LSA,24,"(5, '-0.468*""woman"" + 0.372*""drug"" + 0.249*""use"" + -0.228*""health"" + -0.207*""water"" + 0.195*""social"" + -0.182*""right"" + 0.176*""medium"" + 0.165*""people"" + -0.156*""care""')",N/A,0.31425691021644536
208,LSA,24,"(6, '0.489*""change"" + -0.283*""social"" + -0.207*""country"" + 0.190*""drug"" + 0.185*""child"" + 0.172*""woman"" + -0.169*""class"" + -0.163*""medium"" + -0.148*""economic"" + -0.118*""system""')",N/A,0.31425691021644536
209,LSA,24,"(7, '0.451*""drug"" + 0.360*""woman"" + 0.260*""police"" + -0.243*""people"" + 0.243*""use"" + -0.167*""child"" + -0.140*""water"" + -0.129*""class"" + 0.119*""officer"" + -0.116*""life""')",N/A,0.31425691021644536
210,LSA,24,"(8, '-0.384*""social"" + 0.339*""right"" + -0.301*""woman"" + -0.219*""medium"" + 0.192*""human"" + -0.187*""class"" + 0.159*""law"" + -0.159*""water"" + -0.146*""use"" + 0.138*""child""')",N/A,0.31425691021644536
211,LSA,24,"(9, '-0.432*""police"" + 0.232*""drug"" + 0.225*""child"" + 0.209*""country"" + -0.197*""officer"" + -0.176*""water"" + 0.165*""company"" + -0.159*""right"" + 0.150*""market"" + 0.144*""globalization""')",N/A,0.31425691021644536
212,LSA,24,"(10, '-0.382*""child"" + -0.380*""right"" + -0.302*""medium"" + -0.283*""social"" + 0.207*""class"" + -0.165*""human"" + 0.143*""people"" + 0.138*""would"" + -0.137*""use"" + 0.132*""system""')",N/A,0.31425691021644536
213,LSA,24,"(11, '-0.424*""drug"" + 0.362*""police"" + -0.312*""right"" + 0.234*""child"" + -0.211*""human"" + 0.166*""officer"" + -0.135*""class"" + 0.129*""company"" + -0.124*""change"" + 0.113*""complaint""')",N/A,0.31425691021644536
214,LSA,24,"(12, '-0.537*""child"" + -0.329*""class"" + 0.178*""medium"" + 0.162*""patient"" + 0.149*""use"" + -0.147*""system"" + -0.140*""work"" + -0.126*""drug"" + 0.123*""woman"" + 0.121*""people""')",N/A,0.31425691021644536
215,LSA,24,"(13, '0.331*""design"" + 0.296*""system"" + 0.290*""building"" + 0.282*""skyscraper"" + 0.217*""energy"" + -0.187*""people"" + -0.149*""water"" + 0.144*""build"" + 0.144*""patient"" + -0.136*""police""')",N/A,0.31425691021644536
216,LSA,24,"(14, '0.279*""company"" + -0.270*""health"" + 0.200*""patient"" + -0.189*""globalization"" + 0.185*""class"" + 0.156*""business"" + 0.154*""employee"" + -0.153*""change"" + 0.148*""work"" + 0.147*""market""')",N/A,0.31425691021644536
217,LSA,24,"(15, '-0.453*""patient"" + 0.293*""health"" + -0.261*""nurse"" + -0.260*""globalization"" + -0.157*""economic"" + -0.154*""restraint"" + 0.146*""right"" + 0.139*""company"" + 0.123*""human"" + 0.118*""employee""')",N/A,0.31425691021644536
218,LSA,24,"(16, '0.277*""system"" + -0.262*""human"" + 0.218*""government"" + -0.215*""class"" + 0.204*""democracy"" + -0.187*""right"" + -0.149*""globalization"" + -0.145*""use"" + 0.141*""political"" + 0.141*""law""')",N/A,0.31425691021644536
219,LSA,24,"(17, '0.260*""system"" + 0.214*""relation"" + 0.194*""industrial"" + 0.194*""abortion"" + -0.182*""patient"" + 0.174*""God"" + 0.163*""theory"" + -0.148*""change"" + -0.143*""class"" + 0.142*""life""')",N/A,0.31425691021644536
220,LSA,24,"(18, '-0.599*""abortion"" + 0.226*""globalization"" + 0.161*""culture"" + -0.149*""pregnancy"" + -0.139*""government"" + -0.138*""life"" + 0.130*""man"" + -0.126*""state"" + 0.126*""work"" + 0.106*""design""')",N/A,0.31425691021644536
221,LSA,24,"(19, '-0.449*""abortion"" + -0.270*""globalization"" + -0.198*""people"" + 0.184*""food"" + -0.179*""design"" + 0.174*""show"" + -0.158*""skyscraper"" + -0.157*""building"" + 0.117*""religion"" + -0.116*""water""')",N/A,0.31425691021644536
222,LSA,24,"(20, '0.292*""bully"" + 0.261*""bullying"" + 0.243*""system"" + 0.213*""school"" + -0.187*""religion"" + 0.174*""student"" + -0.160*""child"" + -0.150*""democracy"" + 0.148*""industrial"" + 0.140*""relation""')",N/A,0.31425691021644536
223,LSA,24,"(21, '0.249*""bully"" + -0.223*""food"" + 0.219*""bullying"" + 0.212*""school"" + -0.201*""people"" + -0.194*""system"" + 0.169*""student"" + -0.148*""child"" + -0.138*""change"" + -0.133*""care""')",N/A,0.31425691021644536
224,LSA,24,"(22, '0.341*""show"" + 0.220*""teen"" + 0.173*""employee"" + -0.171*""person"" + 0.167*""care"" + 0.160*""pregnancy"" + -0.144*""body"" + 0.138*""culture"" + 0.126*""medium"" + 0.120*""organization""')",N/A,0.31425691021644536
225,LSA,24,"(23, '-0.223*""show"" + 0.196*""bully"" + -0.176*""nuclear"" + 0.173*""food"" + 0.171*""bullying"" + -0.162*""law"" + 0.159*""care"" + 0.154*""school"" + 0.151*""religion"" + 0.141*""death""')",N/A,0.31425691021644536
226,LSA,26,"(0, '0.215*""people"" + 0.193*""change"" + 0.185*""use"" + 0.167*""make"" + 0.135*""may"" + 0.128*""social"" + 0.125*""many"" + 0.125*""would"" + 0.116*""life"" + 0.115*""work""')",N/A,0.3167544502076947
227,LSA,26,"(1, '-0.448*""punishment"" + -0.447*""death"" + -0.308*""penalty"" + -0.293*""capital"" + 0.187*""change"" + -0.187*""crime"" + -0.155*""right"" + -0.133*""execution"" + -0.120*""criminal"" + -0.119*""life""')",N/A,0.3167544502076947
228,LSA,26,"(2, '0.459*""woman"" + -0.452*""water"" + -0.230*""change"" + 0.184*""child"" + 0.145*""man"" + -0.138*""punishment"" + -0.131*""death"" + 0.122*""right"" + 0.122*""society"" + -0.116*""use""')",N/A,0.3167544502076947
229,LSA,26,"(3, '-0.539*""health"" + -0.454*""care"" + -0.257*""patient"" + 0.193*""woman"" + 0.182*""change"" + 0.146*""water"" + -0.142*""service"" + 0.093*""society"" + -0.093*""drug"" + 0.092*""country""')",N/A,0.3167544502076947
230,LSA,26,"(4, '0.666*""water"" + -0.381*""change"" + -0.181*""organization"" + 0.174*""child"" + -0.145*""employee"" + 0.137*""woman"" + 0.113*""use"" + -0.106*""company"" + 0.101*""drug"" + -0.094*""social""')",N/A,0.3167544502076947
231,LSA,26,"(5, '-0.465*""woman"" + 0.371*""drug"" + 0.255*""use"" + -0.230*""health"" + -0.211*""water"" + 0.194*""social"" + -0.185*""right"" + 0.177*""medium"" + 0.159*""people"" + -0.151*""care""')",N/A,0.3167544502076947
232,LSA,26,"(6, '0.491*""change"" + -0.270*""social"" + -0.204*""country"" + 0.183*""drug"" + 0.181*""child"" + 0.176*""woman"" + -0.165*""class"" + -0.153*""medium"" + -0.145*""economic"" + -0.119*""government""')",N/A,0.3167544502076947
233,LSA,26,"(7, '0.451*""drug"" + 0.368*""woman"" + 0.254*""police"" + 0.249*""use"" + -0.247*""people"" + -0.161*""child"" + -0.136*""water"" + -0.130*""class"" + -0.118*""life"" + 0.116*""officer""')",N/A,0.3167544502076947
234,LSA,26,"(8, '-0.393*""social"" + 0.333*""right"" + -0.299*""woman"" + -0.228*""medium"" + -0.190*""class"" + 0.189*""human"" + 0.161*""law"" + -0.158*""water"" + -0.146*""use"" + 0.141*""police""')",N/A,0.3167544502076947
235,LSA,26,"(9, '-0.421*""police"" + 0.235*""drug"" + 0.235*""child"" + 0.213*""country"" + -0.194*""officer"" + -0.177*""water"" + -0.165*""right"" + 0.165*""company"" + 0.155*""market"" + 0.142*""globalization""')",N/A,0.3167544502076947
236,LSA,26,"(10, '-0.398*""child"" + -0.371*""right"" + -0.303*""medium"" + -0.271*""social"" + 0.212*""class"" + -0.160*""human"" + 0.155*""people"" + -0.141*""use"" + 0.132*""would"" + 0.128*""system""')",N/A,0.3167544502076947
237,LSA,26,"(11, '-0.427*""drug"" + 0.365*""police"" + -0.329*""right"" + -0.222*""human"" + 0.216*""child"" + 0.168*""officer"" + -0.124*""class"" + -0.123*""change"" + 0.122*""company"" + 0.113*""complaint""')",N/A,0.3167544502076947
238,LSA,26,"(12, '-0.537*""child"" + -0.323*""class"" + 0.176*""medium"" + 0.164*""patient"" + 0.146*""use"" + -0.144*""system"" + -0.143*""work"" + 0.129*""woman"" + -0.121*""drug"" + 0.115*""people""')",N/A,0.3167544502076947
239,LSA,26,"(13, '0.324*""design"" + 0.302*""system"" + 0.283*""building"" + 0.275*""skyscraper"" + 0.211*""energy"" + -0.195*""people"" + -0.149*""water"" + 0.148*""patient"" + -0.140*""police"" + 0.140*""build""')",N/A,0.3167544502076947
240,LSA,26,"(14, '-0.284*""health"" + 0.277*""company"" + 0.233*""patient"" + 0.180*""class"" + -0.177*""globalization"" + 0.161*""business"" + 0.155*""employee"" + -0.154*""change"" + 0.148*""market"" + 0.145*""work""')",N/A,0.3167544502076947
241,LSA,26,"(15, '-0.429*""patient"" + -0.279*""globalization"" + 0.266*""health"" + -0.243*""nurse"" + -0.168*""economic"" + 0.168*""right"" + 0.149*""company"" + -0.140*""restraint"" + 0.129*""human"" + -0.122*""country""')",N/A,0.3167544502076947
242,LSA,26,"(16, '0.268*""system"" + -0.252*""human"" + -0.222*""class"" + 0.212*""government"" + 0.194*""democracy"" + -0.189*""right"" + -0.168*""globalization"" + 0.145*""law"" + -0.143*""police"" + 0.138*""political""')",N/A,0.3167544502076947
243,LSA,26,"(17, '0.217*""system"" + 0.193*""relation"" + 0.183*""religion"" + 0.175*""God"" + 0.170*""abortion"" + -0.169*""patient"" + 0.168*""industrial"" + 0.164*""theory"" + -0.149*""change"" + -0.144*""class""')",N/A,0.3167544502076947
244,LSA,26,"(18, '-0.605*""abortion"" + 0.178*""globalization"" + 0.174*""culture"" + -0.149*""pregnancy"" + -0.148*""life"" + -0.137*""state"" + 0.134*""man"" + -0.132*""government"" + 0.116*""design"" + 0.110*""work""')",N/A,0.3167544502076947
245,LSA,26,"(19, '-0.310*""abortion"" + -0.284*""globalization"" + -0.200*""people"" + 0.154*""food"" + 0.149*""religion"" + 0.148*""show"" + 0.133*""nurse"" + -0.131*""country"" + -0.130*""design"" + -0.117*""skyscraper""')",N/A,0.3167544502076947
246,LSA,26,"(20, '0.294*""system"" + 0.237*""bully"" + 0.212*""bullying"" + 0.190*""school"" + 0.190*""industrial"" + 0.179*""relation"" + -0.172*""religion"" + 0.156*""student"" + -0.146*""democracy"" + -0.141*""child""')",N/A,0.3167544502076947
247,LSA,26,"(21, '0.325*""abortion"" + 0.206*""culture"" + -0.194*""food"" + 0.179*""group"" + 0.179*""school"" + 0.167*""bully"" + 0.161*""student"" + 0.157*""racism"" + 0.147*""bullying"" + -0.134*""system""')",N/A,0.3167544502076947
248,LSA,26,"(22, '0.242*""employee"" + 0.209*""show"" + -0.201*""bully"" + -0.181*""person"" + -0.176*""bullying"" + 0.148*""care"" + 0.134*""organization"" + -0.131*""school"" + -0.128*""body"" + 0.125*""medium""')",N/A,0.3167544502076947
249,LSA,26,"(23, '-0.258*""people"" + 0.251*""show"" + -0.237*""food"" + 0.187*""teen"" + -0.172*""group"" + -0.161*""abortion"" + 0.140*""class"" + -0.140*""racism"" + 0.137*""health"" + 0.128*""globalization""')",N/A,0.3167544502076947
250,LSA,26,"(24, '0.282*""law"" + -0.209*""people"" + 0.188*""crime"" + 0.178*""globalization"" + -0.160*""democracy"" + 0.159*""state"" + -0.156*""country"" + -0.143*""complaint"" + 0.142*""individual"" + 0.134*""enforcement""')",N/A,0.3167544502076947
251,LSA,26,"(25, '-0.270*""nuclear"" + -0.236*""show"" + 0.197*""care"" + 0.174*""religion"" + 0.170*""bully"" + -0.157*""decision"" + -0.156*""make"" + -0.151*""public"" + 0.146*""bullying"" + -0.141*""teen""')",N/A,0.3167544502076947
252,LSA,28,"(0, '0.215*""people"" + 0.194*""change"" + 0.185*""use"" + 0.167*""make"" + 0.135*""may"" + 0.128*""social"" + 0.125*""many"" + 0.124*""would"" + 0.115*""life"" + 0.115*""work""')",N/A,0.3090601530372696
253,LSA,28,"(1, '-0.447*""punishment"" + -0.447*""death"" + -0.307*""penalty"" + -0.292*""capital"" + 0.190*""change"" + -0.187*""crime"" + -0.155*""right"" + -0.133*""execution"" + -0.120*""life"" + -0.120*""criminal""')",N/A,0.3090601530372696
254,LSA,28,"(2, '-0.505*""water"" + 0.438*""woman"" + -0.216*""change"" + 0.178*""child"" + -0.139*""punishment"" + 0.138*""man"" + -0.124*""death"" + -0.120*""use"" + 0.120*""society"" + 0.116*""right""')",N/A,0.3090601530372696
255,LSA,28,"(3, '-0.541*""health"" + -0.452*""care"" + -0.255*""patient"" + 0.212*""woman"" + 0.185*""water"" + 0.151*""change"" + -0.142*""service"" + 0.094*""society"" + -0.091*""nurse"" + 0.090*""country""')",N/A,0.3090601530372696
256,LSA,28,"(4, '0.646*""water"" + -0.418*""change"" + -0.183*""organization"" + 0.181*""child"" + 0.151*""woman"" + -0.132*""employee"" + -0.117*""company"" + 0.095*""drug"" + 0.095*""use"" + -0.092*""management""')",N/A,0.3090601530372696
257,LSA,28,"(5, '-0.471*""woman"" + 0.367*""drug"" + 0.263*""use"" + -0.230*""health"" + -0.194*""water"" + 0.191*""social"" + -0.180*""right"" + 0.178*""medium"" + 0.156*""people"" + -0.155*""care""')",N/A,0.3090601530372696
258,LSA,28,"(6, '0.490*""change"" + -0.295*""social"" + -0.204*""country"" + 0.198*""drug"" + 0.185*""child"" + -0.168*""medium"" + 0.160*""woman"" + -0.156*""class"" + -0.152*""economic"" + -0.118*""globalization""')",N/A,0.3090601530372696
259,LSA,28,"(7, '0.440*""drug"" + 0.350*""woman"" + 0.253*""police"" + -0.249*""people"" + 0.241*""use"" + -0.145*""water"" + -0.144*""class"" + -0.142*""child"" + -0.118*""life"" + 0.118*""officer""')",N/A,0.3090601530372696
260,LSA,28,"(8, '-0.395*""social"" + -0.327*""woman"" + 0.313*""right"" + -0.238*""medium"" + 0.189*""human"" + -0.167*""class"" + -0.159*""use"" + -0.157*""water"" + 0.147*""law"" + 0.132*""child""')",N/A,0.3090601530372696
261,LSA,28,"(9, '-0.421*""police"" + -0.217*""right"" + 0.216*""drug"" + 0.211*""country"" + 0.199*""child"" + -0.194*""officer"" + -0.175*""water"" + 0.152*""company"" + 0.148*""market"" + 0.138*""globalization""')",N/A,0.3090601530372696
262,LSA,28,"(10, '-0.425*""child"" + -0.342*""right"" + -0.294*""medium"" + 0.241*""class"" + -0.231*""social"" + 0.151*""system"" + 0.151*""people"" + -0.134*""human"" + -0.133*""company"" + 0.123*""society""')",N/A,0.3090601530372696
263,LSA,28,"(11, '-0.433*""drug"" + 0.374*""police"" + -0.348*""right"" + -0.221*""human"" + 0.175*""officer"" + 0.169*""child"" + -0.123*""change"" + 0.116*""company"" + -0.116*""class"" + 0.111*""complaint""')",N/A,0.3090601530372696
264,LSA,28,"(12, '-0.550*""child"" + -0.312*""class"" + 0.171*""medium"" + 0.158*""patient"" + 0.143*""use"" + -0.142*""work"" + -0.140*""system"" + 0.128*""woman"" + 0.119*""people"" + -0.116*""police""')",N/A,0.3090601530372696
265,LSA,28,"(13, '0.310*""design"" + 0.290*""system"" + 0.272*""building"" + 0.264*""skyscraper"" + 0.218*""energy"" + -0.186*""people"" + 0.165*""use"" + -0.153*""water"" + -0.150*""police"" + -0.140*""country""')",N/A,0.3090601530372696
266,LSA,28,"(14, '-0.305*""health"" + 0.267*""company"" + 0.246*""patient"" + 0.190*""employee"" + -0.167*""change"" + 0.166*""work"" + 0.153*""business"" + 0.151*""class"" + -0.146*""medium"" + -0.142*""globalization""')",N/A,0.3090601530372696
267,LSA,28,"(15, '-0.393*""patient"" + -0.295*""globalization"" + 0.252*""health"" + -0.227*""nurse"" + 0.199*""right"" + -0.185*""economic"" + 0.160*""company"" + 0.157*""human"" + -0.148*""system"" + -0.129*""restraint""')",N/A,0.3090601530372696
268,LSA,28,"(16, '0.267*""system"" + -0.241*""human"" + -0.233*""class"" + -0.206*""patient"" + 0.203*""government"" + 0.179*""democracy"" + -0.173*""right"" + -0.160*""globalization"" + -0.153*""use"" + 0.146*""law""')",N/A,0.3090601530372696
269,LSA,28,"(17, '0.194*""religion"" + 0.188*""God"" + 0.183*""relation"" + 0.182*""system"" + -0.182*""patient"" + -0.163*""class"" + 0.160*""industrial"" + -0.160*""change"" + 0.160*""theory"" + 0.136*""abortion""')",N/A,0.3090601530372696
270,LSA,28,"(18, '-0.589*""abortion"" + 0.194*""globalization"" + -0.148*""life"" + -0.148*""pregnancy"" + 0.145*""work"" + 0.143*""culture"" + -0.135*""state"" + -0.124*""government"" + 0.122*""man"" + 0.121*""design""')",N/A,0.3090601530372696
271,LSA,28,"(19, '-0.376*""abortion"" + -0.288*""globalization"" + -0.204*""people"" + 0.166*""religion"" + -0.158*""design"" + -0.142*""skyscraper"" + -0.140*""building"" + -0.133*""economic"" + 0.127*""nurse"" + 0.125*""show""')",N/A,0.3090601530372696
272,LSA,28,"(20, '0.264*""bully"" + 0.250*""system"" + 0.236*""bullying"" + 0.192*""school"" + 0.178*""industrial"" + 0.172*""relation"" + -0.171*""religion"" + 0.155*""student"" + -0.144*""democracy"" + -0.142*""child""')",N/A,0.3090601530372696
273,LSA,28,"(21, '0.281*""abortion"" + -0.262*""system"" + 0.217*""group"" + 0.207*""employee"" + -0.181*""change"" + -0.173*""food"" + 0.125*""issue"" + 0.121*""bully"" + 0.113*""individual"" + -0.112*""industrial""')",N/A,0.3090601530372696
274,LSA,28,"(22, '-0.257*""bully"" + 0.240*""employee"" + -0.223*""bullying"" + -0.201*""school"" + 0.160*""show"" + 0.148*""immigrant"" + -0.137*""person"" + -0.129*""student"" + 0.129*""child"" + 0.128*""organization""')",N/A,0.3090601530372696
275,LSA,28,"(23, '-0.229*""employee"" + 0.179*""care"" + -0.174*""work"" + -0.153*""use"" + 0.148*""product"" + 0.141*""drug"" + 0.139*""culture"" + -0.138*""make"" + 0.133*""design"" + 0.132*""consumer""')",N/A,0.3090601530372696
276,LSA,28,"(24, '0.265*""show"" + -0.243*""people"" + 0.201*""teen"" + -0.183*""group"" + -0.174*""food"" + -0.172*""patient"" + 0.143*""employee"" + -0.143*""racism"" + -0.137*""crime"" + -0.132*""society""')",N/A,0.3090601530372696
277,LSA,28,"(25, '0.288*""law"" + -0.257*""people"" + 0.212*""globalization"" + 0.184*""crime"" + -0.165*""democracy"" + 0.157*""state"" + -0.156*""country"" + -0.141*""study"" + -0.141*""complaint"" + 0.133*""enforcement""')",N/A,0.3090601530372696
278,LSA,28,"(26, '-0.271*""show"" + -0.225*""nuclear"" + 0.170*""food"" + 0.169*""social"" + -0.168*""public"" + 0.161*""religion"" + -0.161*""culture"" + 0.160*""God"" + -0.155*""teen"" + 0.150*""bully""')",N/A,0.3090601530372696
279,LSA,28,"(27, '-0.325*""nuclear"" + -0.222*""food"" + -0.216*""care"" + -0.159*""public"" + -0.147*""technology"" + 0.146*""patient"" + 0.143*""market"" + -0.142*""issue"" + 0.133*""body"" + -0.127*""decision""')",N/A,0.3090601530372696
280,LDA,16,"(0, '0.038*""woman"" + 0.016*""man"" + 0.012*""society"" + 0.010*""gender"" + 0.010*""group"" + 0.009*""work"" + 0.009*""race"" + 0.009*""discrimination"" + 0.009*""american"" + 0.008*""movement""')",-8.182983467569462,0.5227215668439217
281,LDA,16,"(1, '0.027*""use"" + 0.015*""study"" + 0.012*""research"" + 0.010*""time"" + 0.009*""process"" + 0.008*""result"" + 0.007*""stage"" + 0.006*""find"" + 0.006*""include"" + 0.006*""may""')",-8.182983467569462,0.5227215668439217
282,LDA,16,"(2, '0.023*""climate"" + 0.016*""change"" + 0.016*""country"" + 0.012*""global"" + 0.012*""energy"" + 0.011*""increase"" + 0.010*""world"" + 0.010*""area"" + 0.009*""environmental"" + 0.008*""gas""')",-8.182983467569462,0.5227215668439217
283,LDA,16,"(3, '0.047*""change"" + 0.010*""individual"" + 0.010*""culture"" + 0.009*""social"" + 0.009*""society"" + 0.008*""theory"" + 0.008*""human"" + 0.008*""different"" + 0.008*""group"" + 0.007*""value""')",-8.182983467569462,0.5227215668439217
284,LDA,16,"(4, '0.031*""people"" + 0.020*""make"" + 0.019*""would"" + 0.015*""time"" + 0.015*""go"" + 0.015*""change"" + 0.014*""life"" + 0.013*""get"" + 0.013*""way"" + 0.013*""many""')",-8.182983467569462,0.5227215668439217
285,LDA,16,"(5, '0.022*""government"" + 0.020*""state"" + 0.015*""right"" + 0.013*""issue"" + 0.013*""public"" + 0.010*""law"" + 0.010*""policy"" + 0.010*""implement"" + 0.009*""people"" + 0.009*""would""')",-8.182983467569462,0.5227215668439217
286,LDA,16,"(6, '0.024*""drug"" + 0.022*""use"" + 0.017*""cause"" + 0.015*""effect"" + 0.015*""bank"" + 0.013*""increase"" + 0.012*""marijuana"" + 0.012*""welfare"" + 0.012*""problem"" + 0.009*""respondent""')",-8.182983467569462,0.5227215668439217
287,LDA,16,"(7, '0.073*""child"" + 0.053*""school"" + 0.041*""student"" + 0.023*""parent"" + 0.020*""bully"" + 0.019*""young"" + 0.019*""education"" + 0.019*""bullying"" + 0.016*""learn"" + 0.015*""teacher""')",-8.182983467569462,0.5227215668439217
288,LDA,16,"(8, '0.016*""Change"" + 0.015*""year"" + 0.015*""India"" + 0.013*""Water"" + 0.009*""Vietnam"" + 0.008*""Canada"" + 0.008*""table"" + 0.008*""village"" + 0.007*""March"" + 0.007*""PSA""')",-8.182983467569462,0.5227215668439217
289,LDA,16,"(9, '0.047*""social"" + 0.038*""medium"" + 0.026*""use"" + 0.024*""information"" + 0.021*""communication"" + 0.019*""internet"" + 0.015*""technology"" + 0.013*""art"" + 0.012*""phone"" + 0.011*""user""')",-8.182983467569462,0.5227215668439217
290,LDA,16,"(10, '0.024*""crime"" + 0.023*""police"" + 0.022*""death"" + 0.019*""punishment"" + 0.017*""law"" + 0.017*""penalty"" + 0.016*""criminal"" + 0.015*""officer"" + 0.011*""justice"" + 0.011*""capital""')",-8.182983467569462,0.5227215668439217
291,LDA,16,"(11, '0.010*""warm"" + 0.010*""forest"" + 0.009*""wind"" + 0.009*""tree"" + 0.009*""soil"" + 0.008*""rain"" + 0.008*""river"" + 0.008*""ice"" + 0.008*""white"" + 0.007*""weather""')",-8.182983467569462,0.5227215668439217
292,LDA,16,"(12, '0.022*""change"" + 0.022*""company"" + 0.019*""organization"" + 0.016*""employee"" + 0.015*""management"" + 0.014*""business"" + 0.012*""product"" + 0.011*""new"" + 0.011*""market"" + 0.008*""system""')",-8.182983467569462,0.5227215668439217
293,LDA,16,"(13, '0.026*""health"" + 0.019*""work"" + 0.017*""care"" + 0.015*""need"" + 0.014*""staff"" + 0.010*""program"" + 0.010*""patient"" + 0.010*""may"" + 0.010*""provide"" + 0.010*""plan""')",-8.182983467569462,0.5227215668439217
294,LDA,16,"(14, '0.111*""water"" + 0.027*""temperature"" + 0.017*""food"" + 0.014*""plant"" + 0.014*""resistance"" + 0.014*""solution"" + 0.011*""heat"" + 0.011*""use"" + 0.010*""animal"" + 0.008*""test""')",-8.182983467569462,0.5227215668439217
295,LDA,16,"(15, '0.038*""religion"" + 0.028*""life"" + 0.026*""God"" + 0.019*""marriage"" + 0.019*""religious"" + 0.014*""human"" + 0.013*""believe"" + 0.013*""death"" + 0.012*""belief"" + 0.010*""sex""')",-8.182983467569462,0.5227215668439217
